{"count":1,"self":37.1870784,"total":39.7158218,"children":{"InitializeActuators":{"count":4,"self":0.0019992,"total":0.0019992,"children":null},"InitializeSensors":{"count":4,"self":0.009116599999999999,"total":0.009116599999999999,"children":null},"AgentSendState":{"count":1931,"self":0.386125,"total":0.4418803,"children":{"CollectObservations":{"count":1548,"self":0.0021287999999999997,"total":0.0021287999999999997,"children":null},"WriteActionMask":{"count":1548,"self":0.0072688,"total":0.0072688,"children":null},"RequestDecision":{"count":1548,"self":0.0408834,"total":0.046357699999999995,"children":{"RayPerceptionSensor.Perceive":{"count":774,"self":0.0054743,"total":0.0054743,"children":null}}}}},"DecideAction":{"count":1931,"self":1.8881704,"total":1.8945497999999998,"children":{"RayPerceptionSensor.Perceive":{"count":2322,"self":0.0063793999999999995,"total":0.0063793999999999995,"children":null}}},"AgentAct":{"count":1931,"self":0.17328549999999998,"total":0.17328549999999998,"children":null},"RayPerceptionSensor.Perceive":{"count":12,"self":0.0016037999999999998,"total":0.0016037999999999998,"children":null}},"gauges":{"SoccerTwos.CumulativeReward":{"count":24,"max":0,"min":0,"runningAverage":0,"value":0,"weightedAverage":0}},"metadata":{"timer_format_version":"0.1.0","start_time_seconds":"1702263798","unity_version":"2022.3.10f1","command_line_arguments":"C:\\Users\\surfe\\Desktop\\soccerRL\\player_demo\\soccerAI.exe","communication_protocol_version":"1.5.0","com.unity.ml-agents_version":"2.0.1","scene_name":"inference","end_time_seconds":"1702263837"}}