{
    "name": "root",
    "gauges": {
        "SoccerTwos.Policy.Entropy.mean": {
            "value": 2.628300666809082,
            "min": 2.628300666809082,
            "max": 2.628300666809082,
            "count": 1
        },
        "SoccerTwos.Policy.Entropy.sum": {
            "value": 105132.03125,
            "min": 105132.03125,
            "max": 105132.03125,
            "count": 1
        },
        "SoccerTwos.Environment.EpisodeLength.mean": {
            "value": 998.0,
            "min": 998.0,
            "max": 998.0,
            "count": 1
        },
        "SoccerTwos.Environment.EpisodeLength.sum": {
            "value": 39920.0,
            "min": 39920.0,
            "max": 39920.0,
            "count": 1
        },
        "SoccerTwos.IsTraining.mean": {
            "value": 1.0,
            "min": 1.0,
            "max": 1.0,
            "count": 4
        },
        "SoccerTwos.IsTraining.sum": {
            "value": 1.0,
            "min": 1.0,
            "max": 1.0,
            "count": 4
        },
        "SoccerTwos.Step.mean": {
            "value": 4269890.0,
            "min": 4249910.0,
            "max": 4269890.0,
            "count": 3
        },
        "SoccerTwos.Step.sum": {
            "value": 4269890.0,
            "min": 4249910.0,
            "max": 4269890.0,
            "count": 3
        },
        "SoccerTwos.Policy.ExtrinsicBaselineEstimate.mean": {
            "value": 3.3621622606005985e-06,
            "min": 3.134290125217376e-07,
            "max": 4.017206720163813e-06,
            "count": 3
        },
        "SoccerTwos.Policy.ExtrinsicBaselineEstimate.sum": {
            "value": 3.3621621696511284e-05,
            "min": 3.134290182060795e-06,
            "max": 4.017206811113283e-05,
            "count": 3
        },
        "SoccerTwos.Policy.ExtrinsicValueEstimate.mean": {
            "value": 2.4839939669618616e-06,
            "min": -2.527723609091481e-06,
            "max": 3.4011402476608055e-06,
            "count": 3
        },
        "SoccerTwos.Policy.ExtrinsicValueEstimate.sum": {
            "value": 2.4839939214871265e-05,
            "min": -2.5277237000409514e-05,
            "max": 3.4011402021860704e-05,
            "count": 3
        },
        "SoccerTwos.Environment.CumulativeReward.mean": {
            "value": 0.0,
            "min": 0.0,
            "max": 0.0,
            "count": 3
        },
        "SoccerTwos.Environment.CumulativeReward.sum": {
            "value": 0.0,
            "min": 0.0,
            "max": 0.0,
            "count": 3
        },
        "SoccerTwos.Policy.ExtrinsicReward.mean": {
            "value": 0.0,
            "min": 0.0,
            "max": 0.0,
            "count": 3
        },
        "SoccerTwos.Policy.ExtrinsicReward.sum": {
            "value": 0.0,
            "min": 0.0,
            "max": 0.0,
            "count": 3
        },
        "SoccerTwos.Environment.GroupCumulativeReward.mean": {
            "value": 0.0,
            "min": 0.0,
            "max": 0.0,
            "count": 3
        },
        "SoccerTwos.Environment.GroupCumulativeReward.sum": {
            "value": 0.0,
            "min": 0.0,
            "max": 0.0,
            "count": 3
        }
    },
    "metadata": {
        "timer_format_version": "0.1.0",
        "start_time_seconds": "1699178503",
        "python_version": "3.9.0 (default, Nov 15 2020, 08:30:55) [MSC v.1916 64 bit (AMD64)]",
        "command_line_arguments": "C:\\Users\\animu\\anaconda3\\envs\\RL\\Scripts\\mlagents-learn --resume ./configs/poca/SoccerTwos.yaml --run-id=SoccerTwos2",
        "mlagents_version": "0.30.0",
        "mlagents_envs_version": "0.30.0",
        "communication_protocol_version": "1.5.0",
        "pytorch_version": "2.1.0+cpu",
        "numpy_version": "1.21.2",
        "end_time_seconds": "1699178561"
    },
    "total": 57.6261759,
    "count": 1,
    "self": 0.006282899999995095,
    "children": {
        "run_training.setup": {
            "total": 0.10082220000000008,
            "count": 1,
            "self": 0.10082220000000008
        },
        "TrainerController.start_learning": {
            "total": 57.5190708,
            "count": 1,
            "self": 0.02471940000003059,
            "children": {
                "TrainerController._reset_env": {
                    "total": 10.438839000000002,
                    "count": 2,
                    "self": 10.438839000000002
                },
                "TrainerController.advance": {
                    "total": 46.882095199999966,
                    "count": 1000,
                    "self": 0.02006529999995621,
                    "children": {
                        "env_step": {
                            "total": 19.3147686,
                            "count": 1000,
                            "self": 16.779823600000043,
                            "children": {
                                "SubprocessEnvManager._take_step": {
                                    "total": 2.5231968999999843,
                                    "count": 1000,
                                    "self": 0.0642516999999998,
                                    "children": {
                                        "TorchPolicy.evaluate": {
                                            "total": 2.4589451999999845,
                                            "count": 1000,
                                            "self": 2.4589451999999845
                                        }
                                    }
                                },
                                "workers": {
                                    "total": 0.011748099999971728,
                                    "count": 1000,
                                    "self": 0.0,
                                    "children": {
                                        "worker_root": {
                                            "total": 19.749437200000038,
                                            "count": 1000,
                                            "is_parallel": true,
                                            "self": 5.61296800000002,
                                            "children": {
                                                "steps_from_proto": {
                                                    "total": 0.00301180000000123,
                                                    "count": 2,
                                                    "is_parallel": true,
                                                    "self": 0.00042740000000129896,
                                                    "children": {
                                                        "_process_rank_one_or_two_observation": {
                                                            "total": 0.002584399999999931,
                                                            "count": 8,
                                                            "is_parallel": true,
                                                            "self": 0.002584399999999931
                                                        }
                                                    }
                                                },
                                                "UnityEnvironment.step": {
                                                    "total": 14.133457400000017,
                                                    "count": 1000,
                                                    "is_parallel": true,
                                                    "self": 0.5500727000000314,
                                                    "children": {
                                                        "UnityEnvironment._generate_step_input": {
                                                            "total": 0.4311983999999818,
                                                            "count": 1000,