{
    "name": "root",
    "metadata": {
        "timer_format_version": "0.1.0",
        "start_time_seconds": "1699169323",
        "python_version": "3.9.0 (default, Nov 15 2020, 08:30:55) [MSC v.1916 64 bit (AMD64)]",
        "command_line_arguments": "C:\\Users\\animu\\anaconda3\\envs\\RL\\Scripts\\mlagents-learn --force ./configs/poca/SoccerTwos.yaml --run-id=SoccerTwos2",
        "mlagents_version": "0.30.0",
        "mlagents_envs_version": "0.30.0",
        "communication_protocol_version": "1.5.0",
        "pytorch_version": "2.1.0+cpu",
        "numpy_version": "1.21.2",
        "end_time_seconds": "1699169363"
    },
    "total": 40.73529550000001,
    "count": 1,
    "self": 0.006362100000011139,
    "children": {
        "run_training.setup": {
            "total": 0.09286339999999971,
            "count": 1,
            "self": 0.09286339999999971
        },
        "TrainerController.start_learning": {
            "total": 40.63607,
            "count": 1,
            "self": 0.01299279999999925,
            "children": {
                "TrainerController._reset_env": {
                    "total": 17.5759574,
                    "count": 1,
                    "self": 17.5759574
                },
                "TrainerController.advance": {
                    "total": 22.8720924,
                    "count": 651,
                    "self": 0.012913899999968947,
                    "children": {
                        "env_step": {
                            "total": 22.83042440000001,
                            "count": 651,
                            "self": 21.161211700000006,
                            "children": {
                                "SubprocessEnvManager._take_step": {
                                    "total": 1.6616575999999696,
                                    "count": 651,
                                    "self": 0.04136349999998146,
                                    "children": {
                                        "TorchPolicy.evaluate": {
                                            "total": 1.6202940999999882,
                                            "count": 651,
                                            "self": 1.6202940999999882
                                        }
                                    }
                                },
                                "workers": {
                                    "total": 0.007555100000033121,
                                    "count": 650,
                                    "self": 0.0,
                                    "children": {
                                        "worker_root": {
                                            "total": 12.72725780000006,
                                            "count": 650,
                                            "is_parallel": true,
                                            "self": 3.666581500000106,
                                            "children": {
                                                "steps_from_proto": {
                                                    "total": 0.006992300000000284,
                                                    "count": 1,
                                                    "is_parallel": true,
                                                    "self": 0.0015365000000038265,
                                                    "children": {
                                                        "_process_rank_one_or_two_observation": {
                                                            "total": 0.005455799999996458,
                                                            "count": 4,
                                                            "is_parallel": true,
                                                            "self": 0.005455799999996458
                                                        }
                                                    }
                                                },
                                                "UnityEnvironment.step": {
                                                    "total": 9.053683999999954,
                                                    "count": 650,
                                                    "is_parallel": true,
                                                    "self": 0.3488833999998562,
                                                    "children": {
                                                        "UnityEnvironment._generate_step_input": {
                                                            "total": 0.27966790000002106,
                                                            "count": 650,
                                                            "is_parallel": true,
                                                            "self": 0.27966790000002106
                                                        },
                                                        "communicator.exchange": {
                                                            "total": 7.3771792000000325,
                                                            "count": 650,
                                                            "is_parallel": true,
                                                            "self": 7.3771792000000325
                                                        },
                                                        "steps_from_proto": {
                                                            "total": 1.0479535000000446,
                                                            "count": 650,
                                                            "is_parallel": true,
                                                            "self": 0.15389030000003245,
                                                            "children": {
                                                                "_process_rank_one_or_two_observation": {
                                                                    "total": 0.8940632000000122,
                                                                    "count": 2600,
                                                                    "is_parallel": true,
                                                                    "self": 0.8940632000000122
                                                                }
                                                            }
                                                        }
                                                    }
                                                }
                                            }
                                        }
                                    }
                                }
                            }
                        },
                        "trainer_advance": {
                            "total": 0.028754100000021765,
                            "count": 650,
                            "self": 0.0268329000000449,
                            "children": {
                                "process_trajectory": {
                                    "total": 0.0019211999999768636,
                                    "count": 650,
                                    "self": 0.0019211999999768636
                                }
                            }
                        }
                    }
                },
                "trainer_threads": {
                    "total": 9.999999974752427e-07,
                    "count": 1,
                    "self": 9.999999974752427e-07
                },
                "TrainerController._save_models": {
                    "total": 0.17502640000000014,
                    "count": 1,
                    "self": 0.008077900000003524,