{"count":1,"self":966.69276159999993,"total":12671.0754156,"children":{"InitializeActuators":{"count":24,"self":0.0019995,"total":0.0019995,"children":null},"InitializeSensors":{"count":24,"self":0.0059644999999999993,"total":0.0059644999999999993,"children":null},"AgentSendState":{"count":2133251,"self":338.1914624,"total":745.10013259999994,"children":{"CollectObservations":{"count":10239888,"self":6.7410055999999994,"total":6.7410058,"children":null},"WriteActionMask":{"count":10239888,"self":6.5401696,"total":6.5401696,"children":null},"RequestDecision":{"count":10239888,"self":24.0847744,"total":393.6275075,"children":{"AgentInfo.ToProto":{"count":10239888,"self":23.0700224,"total":369.5427327,"children":{"GenerateSensorData":{"count":10239888,"self":315.33683199999996,"total":346.47271,"children":{"RayPerceptionSensor.Perceive":{"count":10239888,"self":31.135881599999998,"total":31.1358823,"children":null}}}}}}}}},"DecideAction":{"count":2133251,"self":10868.2043392,"total":10868.2040736,"children":null},"AgentAct":{"count":2133251,"self":90.775871999999993,"total":90.775873699999991,"children":null},"AgentInfo.ToProto":{"count":10908,"self":0.030977499999999998,"total":0.29159969999999996,"children":{"GenerateSensorData":{"count":10908,"self":0.22510139999999998,"total":0.26062219999999997,"children":{"RayPerceptionSensor.Perceive":{"count":10908,"self":0.0355208,"total":0.0355208,"children":null}}}}}},"gauges":{"SoccerTwos.CumulativeReward":{"count":10908,"max":0,"min":0,"runningAverage":0,"value":0,"weightedAverage":0}},"metadata":{"timer_format_version":"0.1.0","start_time_seconds":"1699113801","unity_version":"2022.3.10f1","command_line_arguments":"C:\\Users\\animu\\soccerRL\\env\\soccerAI.exe -nographics -batchmode --mlagents-port 5005 -logFile C:\\Users\\animu\\soccerRL\\results\\SoccerTwos\\run_logs\\Player-0.log","communication_protocol_version":"1.5.0","com.unity.ml-agents_version":"2.0.1","scene_name":"SoccerTwo","end_time_seconds":"1699126472"}}