{
    "name": "root",
    "gauges": {
        "SoccerTwos.Policy.Entropy.mean": {
            "value": 1.7514728307724,
            "min": 1.546359658241272,
            "max": 2.0291318893432617,
            "count": 140
        },
        "SoccerTwos.Policy.Entropy.sum": {
            "value": 32297.158203125,
            "min": 19221.21875,
            "max": 56572.76171875,
            "count": 140
        },
        "SoccerTwos.Environment.EpisodeLength.mean": {
            "value": 95.1923076923077,
            "min": 49.704081632653065,
            "max": 158.4375,
            "count": 140
        },
        "SoccerTwos.Environment.EpisodeLength.sum": {
            "value": 19800.0,
            "min": 15696.0,
            "max": 22692.0,
            "count": 140
        },
        "SoccerTwos.Self-play.ELO.mean": {
            "value": 1474.2552738952022,
            "min": 1471.8206331724834,
            "max": 1522.24546833129,
            "count": 140
        },
        "SoccerTwos.Self-play.ELO.sum": {
            "value": 153322.54848510103,
            "min": 85735.03100983908,
            "max": 294729.83796469227,
            "count": 140
        },
        "SoccerTwos.Step.mean": {
            "value": 12359975.0,
            "min": 10969960.0,
            "max": 12359975.0,
            "count": 140
        },
        "SoccerTwos.Step.sum": {
            "value": 12359975.0,
            "min": 10969960.0,
            "max": 12359975.0,
            "count": 140
        },
        "SoccerTwos.Policy.ExtrinsicBaselineEstimate.mean": {
            "value": -0.009249328635632992,
            "min": -0.1286812275648117,
            "max": 0.12963609397411346,
            "count": 140
        },
        "SoccerTwos.Policy.ExtrinsicBaselineEstimate.sum": {
            "value": -0.9619301557540894,
            "min": -17.988128662109375,
            "max": 14.64887809753418,
            "count": 140
        },
        "SoccerTwos.Policy.ExtrinsicValueEstimate.mean": {
            "value": -0.009386108256876469,
            "min": -0.13291142880916595,
            "max": 0.1294412761926651,
            "count": 140
        },
        "SoccerTwos.Policy.ExtrinsicValueEstimate.sum": {
            "value": -0.9761552810668945,
            "min": -18.523149490356445,
            "max": 14.626864433288574,
            "count": 140
        },
        "SoccerTwos.Environment.CumulativeReward.mean": {
            "value": 0.0,
            "min": 0.0,
            "max": 0.0,
            "count": 140
        },
        "SoccerTwos.Environment.CumulativeReward.sum": {
            "value": 0.0,
            "min": 0.0,
            "max": 0.0,
            "count": 140
        },
        "SoccerTwos.Policy.ExtrinsicReward.mean": {
            "value": -0.01526346172277744,
            "min": -0.3258195483594909,
            "max": 0.30231860678556355,
            "count": 140
        },
        "SoccerTwos.Policy.ExtrinsicReward.sum": {
            "value": -1.5874000191688538,
            "min": -43.333999931812286,
            "max": 53.03560024499893,
            "count": 140
        },
        "SoccerTwos.Environment.GroupCumulativeReward.mean": {
            "value": -0.01526346172277744,
            "min": -0.3258195483594909,
            "max": 0.30231860678556355,
            "count": 140
        },
        "SoccerTwos.Environment.GroupCumulativeReward.sum": {
            "value": -1.5874000191688538,
            "min": -43.333999931812286,
            "max": 53.03560024499893,
            "count": 140
        },
        "SoccerTwos.IsTraining.mean": {
            "value": 1.0,
            "min": 1.0,
            "max": 1.0,
            "count": 140
        },
        "SoccerTwos.IsTraining.sum": {
            "value": 1.0,
            "min": 1.0,
            "max": 1.0,
            "count": 140
        },
        "SoccerTwos.Losses.PolicyLoss.mean": {
            "value": 0.014280120814025092,
            "min": 0.01163636710649977,
            "max": 0.0219917850724111,
            "count": 67
        },
        "SoccerTwos.Losses.PolicyLoss.sum": {
            "value": 0.014280120814025092,
            "min": 0.01163636710649977,
            "max": 0.0219917850724111,
            "count": 67
        },
        "SoccerTwos.Losses.ValueLoss.mean": {
            "value": 0.07018004010121028,
            "min": 0.04866867065429688,
            "max": 0.09285379424691201,
            "count": 67
        },
        "SoccerTwos.Losses.ValueLoss.sum": {
            "value": 0.07018004010121028,
            "min": 0.04866867065429688,
            "max": 0.09285379424691201,
            "count": 67
        },
        "SoccerTwos.Losses.BaselineLoss.mean": {
            "value": 0.07127411812543868,
            "min": 0.049341588839888574,
            "max": 0.09363102068503698,
            "count": 67
        },
        "SoccerTwos.Losses.BaselineLoss.sum": {
            "value": 0.07127411812543868,
            "min": 0.049341588839888574,
            "max": 0.09363102068503698,
            "count": 67
        },
        "SoccerTwos.Policy.LearningRate.mean": {
            "value": 0.0003,
            "min": 0.0003,
            "max": 0.0003,
            "count": 67
        },
        "SoccerTwos.Policy.LearningRate.sum": {
            "value": 0.0003,
            "min": 0.0003,
            "max": 0.0003,
            "count": 67
        },
        "SoccerTwos.Policy.Epsilon.mean": {
            "value": 0.20000000000000007,
            "min": 0.20000000000000007,
            "max": 0.20000000000000007,
            "count": 67
        },
        "SoccerTwos.Policy.Epsilon.sum": {
            "value": 0.20000000000000007,
            "min": 0.20000000000000007,
            "max": 0.20000000000000007,
            "count": 67
        },
        "SoccerTwos.Policy.Beta.mean": {
            "value": 0.005000000000000001,
            "min": 0.005000000000000001,
            "max": 0.005000000000000001,
            "count": 67
        },
        "SoccerTwos.Policy.Beta.sum": {
            "value": 0.005000000000000001,
            "min": 0.005000000000000001,
            "max": 0.005000000000000001,
            "count": 67
        }
    },
    "metadata": {
        "timer_format_version": "0.1.0",
        "start_time_seconds": "1699221286",
        "python_version": "3.9.0 (default, Nov 15 2020, 08:30:55) [MSC v.1916 64 bit (AMD64)]",
        "command_line_arguments": "C:\\Users\\animu\\anaconda3\\envs\\RL\\Scripts\\mlagents-learn --resume ./configs/poca/SoccerTwos.yaml --env=./env --run-id=SoccerTwos4 --no-graphics",
        "mlagents_version": "0.30.0",
        "mlagents_envs_version": "0.30.0",
        "communication_protocol_version": "1.5.0",
        "pytorch_version": "2.1.0+cpu",
        "numpy_version": "1.21.2",
        "end_time_seconds": "1699224900"
    },
    "total": 3613.9053495999997,
    "count": 1,
    "self": 4.159007099999599,
    "children": {
        "run_training.setup": {
            "total": 0.10799169999999991,
            "count": 1,
            "self": 0.10799169999999991
        },
        "TrainerController.start_learning": {
            "total": 3609.6383508,
            "count": 1,
            "self": 1.6159874000445598,
            "children": {
                "TrainerController._reset_env": {
                    "total": 4.656325399999895,
                    "count": 9,
                    "self": 4.656325399999895
                },
                "TrainerController.advance": {
                    "total": 3603.2058959999563,
                    "count": 78018,
                    "self": 1.6243166999215646,
                    "children": {
                        "env_step": {
                            "total": 1441.4324414000255,
                            "count": 78018,
                            "self": 1171.7799071000022,